method,protocol,seen_miou_percent,unseen_miou_percent,h_iou_percent,source,year,table,source_url
ZSSeg+,Oracle-Obj,54.43,19.04,28.21,PartCATSeg,2025,Table 1,https://openaccess.thecvf.com/content/CVPR2025/papers/Choi_Fine-Grained_Image-Text_Correspondence_with_Cost_Aggregation_for_Open-Vocabulary_Part_Segmentation_CVPR_2025_paper.pdf
VLPart,Oracle-Obj,42.61,18.7,25.99,PartCATSeg,2025,Table 1,https://openaccess.thecvf.com/content/CVPR2025/papers/Choi_Fine-Grained_Image-Text_Correspondence_with_Cost_Aggregation_for_Open-Vocabulary_Part_Segmentation_CVPR_2025_paper.pdf
CLIPSeg,Oracle-Obj,48.91,27.54,35.24,PartCATSeg,2025,Table 1,https://openaccess.thecvf.com/content/CVPR2025/papers/Choi_Fine-Grained_Image-Text_Correspondence_with_Cost_Aggregation_for_Open-Vocabulary_Part_Segmentation_CVPR_2025_paper.pdf
CAT-Seg,Oracle-Obj,43.81,27.66,33.91,PartCATSeg,2025,Table 1,https://openaccess.thecvf.com/content/CVPR2025/papers/Choi_Fine-Grained_Image-Text_Correspondence_with_Cost_Aggregation_for_Open-Vocabulary_Part_Segmentation_CVPR_2025_paper.pdf
PartCLIPSeg,Oracle-Obj,50.02,31.67,38.79,PartCATSeg,2025,Table 1,https://openaccess.thecvf.com/content/CVPR2025/papers/Choi_Fine-Grained_Image-Text_Correspondence_with_Cost_Aggregation_for_Open-Vocabulary_Part_Segmentation_CVPR_2025_paper.pdf
PartCATSeg,Oracle-Obj,57.49,44.88,50.41,PartCATSeg,2025,Table 1,https://openaccess.thecvf.com/content/CVPR2025/papers/Choi_Fine-Grained_Image-Text_Correspondence_with_Cost_Aggregation_for_Open-Vocabulary_Part_Segmentation_CVPR_2025_paper.pdf
PCA-Seg,Oracle-Obj,60.5,47.1,52.9,PCA-Seg,2026,Table 2,https://arxiv.org/abs/2603.17520
HOPS,Pred-All / hierarchical,54.77,44.81,49.29,HOPS,2026,Table 3,https://openaccess.thecvf.com/content/CVPR2026/html/Li_HOPS_Hierarchical_Open-vocabulary_Part_Segmentation_with_Attention-Aware_Filtering_and_Affinity-Guided_CVPR_2026_paper.html
Ours — rotation_consistent,parent-mask-conditioned / Oracle-Obj-like,47.778135847145606,31.310231266064676,37.829697019644584,this notebook,,benchmark_summary.json,
